rank,player_name,nation,position,team,age,birth_year,matches_played,starts,minutes_played,minutes_90s,goals,assists,goals_assists,non_penalty_goals,penalties_scored,penalties_attempted,yellow_cards
1,Volodymyr Adamyuk,ua UKR,DF,Karpaty Lviv,34-153,1991,6,4,395,4.4,0,0,0,0,0,0,1,0,0.00,0.00,0.00,0.00,0.00
2,Daniil Alefirenko,ua UKR,MF,FK Kolos,25-242,2000,16,9,789,8.8,0,1,1,0,0,0,2,0,0.00,0.11,0.11,0.00,0.11
3,Alisson,br BRA,MF,Shakhtar,20-087,2005,5,4,325,3.6,1,0,1,1,0,0,0,0,0.28,0.00,0.28,0.28,0.28
4,Beknaz Almazbekov,kg KGZ,MF-FW,Rukh Lviv,20-177,2005,10,3,329,3.7,0,0,0,0,0,1,0,0,0.00,0.00,0.00,0.00,0.00
5,Pablo Álvarez,es ESP,MF,Karpaty Lviv,28-238,1997,13,12,1003,11.1,2,1,3,2,0,0,4,0,0.18,0.09,0.27,0.18,0.27
6,Juan Alvina,br BRA,MF,FC Oleksandriya,22-290,2003,1,0,45,0.5,0,0,0,0,0,0,0,0,0.00,0.00,0.00,0.00,0.00
7,Mateus Amaral,br BRA,MF-FW,FC Oleksandriya,21-127,2004,5,2,171,1.9,0,0,0,0,0,0,0,0,0.00,0.00,0.00,0.00,0.00
8,Oleksandr Andriyevskyi,ua UKR,MF,FC Polissya Zhytomyr,31-175,1994,13,12,797,8.9,1,1,2,1,0,0,3,1,0.11,0.11,0.23,0.11,0.23
9,Denys Antiukh,ua UKR,MF,Metalist 1925,28-140,1997,13,12,1032,11.5,3,3,6,3,0,0,1,0,0.26,0.26,0.52,0.26,0.52
10,Nemanja Anđušić,ba BIH,MF-FW,Zorya Luhansk,29-061,1996,13,12,1080,12.0,2,3,5,2,0,0,1,0,0.17,0.25,0.42,0.17,0.42
11,Andrusw Araujo,ve VEN,MF,Kryvbas,22-195,2003,13,13,1098,12.2,0,2,2,0,0,0,5,0,0.00,0.16,0.16,0.00,0.16
12,Husol Artem,ua UKR,MF,FK Kolos,19-346,2006,12,8,635,7.1,0,0,0,0,0,0,2,0,0.00,0.00,0.00,0.00,0.00
13,Mark Assinor,gh GHA,FW,FC LNZ Cherkasy,25-157,2000,15,15,1159,12.9,3,0,3,3,0,0,4,0,0.23,0.00,0.23,0.23,0.23
14,Artur Avahimian,ua UKR,MF,FC LNZ Cherkasy,28-335,1997,1,0,6,0.1,0,0,0,0,0,0,0,0,0.00,0.00,0.00,0.00,0.00
15,Eren Aydın,tr TUR,FW-MF,Veres Rivne,22-308,2003,9,8,664,7.4,1,3,4,1,0,0,0,0,0.14,0.41,0.54,0.14,0.54
16,Irakli Azarov,ge GEO,DF,Shakhtar,23-299,2002,7,5,400,4.4,0,0,0,0,0,0,1,0,0.00,0.00,0.00,0.00,0.00
17,Ruslan Babenko,ua UKR,MF,FC Polissya Zhytomyr,33-162,1992,15,14,1236,13.7,0,0,0,0,0,0,3,0,0.00,0.00,0.00,0.00,0.00
18,Vladyslav Babohlo,md MDA,DF,Karpaty Lviv,27-033,1998,14,14,1195,13.3,1,1,2,1,0,0,5,1,0.08,0.08,0.15,0.08,0.15
19,Rafael Bandeira,pt POR,MF,Kryvbas,24-320,2001,2,1,118,1.3,0,0,0,0,0,0,3,1,0.00,0.00,0.00,0.00,0.00
20,Jakov Basic,hr CRO,DF-MF,Zorya Luhansk,29-022,1996,13,9,772,8.6,0,1,1,0,0,0,2,0,0.00,0.12,0.12,0.00,0.12
21,Yaroslav Bazaev,ua UKR,MF,FC Oleksandriya,21-178,2004,1,0,1,0.0,0,0,0,0,0,0,0,0,0.00,0.00,0.00,0.00,0.00
22,Jocelin Behiratche,ci CIV,DF,FC Oleksandriya,25-223,2000,8,7,656,7.3,0,0,0,0,0,0,3,0,0.00,0.00,0.00,0.00,0.00
23,Andrei Bejenari,md MDA,DF,Epitsentr,34-031,1991,13,0,424,4.7,0,0,0,0,0,0,0,0,0.00,0.00,0.00,0.00,0.00
24,Ante Bekavac,hr CRO,DF-MF,Kryvbas,23-322,2002,12,9,760,8.4,0,1,1,0,0,0,2,0,0.00,0.12,0.12,0.00,0.12
25,Bohdan Bekliak,ua UKR,DF,Kudrivka,26-108,1999,7,5,458,5.1,0,0,0,0,0,0,1,0,0.00,0.00,0.00,0.00,0.00
26,Ivan Bendera,ua UKR,MF,Epitsentr,22-302,2003,4,1,127,1.4,0,0,0,0,0,0,0,0,0.00,0.00,0.00,0.00,0.00
27,Jewison Bennette,cr CRC,MF,FC LNZ Cherkasy,21-185,2004,9,6,470,5.2,0,0,0,0,0,0,0,0,0.00,0.00,0.00,0.00,0.00
28,Danylo Beskorovainii,ua UKR,DF,FC Polissya Zhytomyr,26-313,1999,4,1,84,0.9,0,0,0,0,0,0,1,0,0.00,0.00,0.00,0.00,0.00
29,Denys Bezborodko,ua UKR,FW,Kudrivka,31-200,1994,3,1,91,1.0,0,0,0,0,0,0,0,0,0.00,0.00,0.00,0.00,0.00
30,Kristian Bilovar,ua UKR,DF,Dynamo Kyiv,24-315,2001,8,7,581,6.5,0,0,0,0,0,0,1,0,0.00,0.00,0.00,0.00,0.00
31,Oleh Bilyk,ua UKR,GK,Epitsentr,27-340,1998,16,16,1440,16.0,0,0,0,0,0,0,2,0,0.00,0.00,0.00,0.00,0.00
32,Vladislav Blanuta,ro ROU,FW,Dynamo Kyiv,23-339,2002,6,1,172,1.9,0,0,0,0,0,0,0,0,0.00,0.00,0.00,0.00,0.00
33,Viktor Bliznichenko,ua UKR,MF,Obolon-Brovar Kyiv,23-079,2002,1,0,19,0.2,0,0,0,0,0,0,0,0,0.00,0.00,0.00,0.00,0.00
34,Maksym Boiko,ua UKR,MF,Rukh Lviv,20-265,2005,4,0,27,0.3,0,0,0,0,0,0,0,0,0.00,0.00,0.00,0.00,0.00
35,Vitalii Boiko,ua UKR,MF-FW,Veres Rivne,28-014,1997,15,15,1273,14.1,4,1,5,4,0,0,3,0,0.28,0.07,0.35,0.28,0.35
36,Anton Bol,ua UKR,DF,FC Oleksandriya,22-343,2003,15,13,1219,13.5,0,0,0,0,0,0,3,0,0.00,0.00,0.00,0.00,0.00
37,Valerii Bondar,ua UKR,DF,Shakhtar,26-293,1999,15,13,1193,13.3,1,1,2,1,0,0,1,0,0.08,0.08,0.15,0.08,0.15
38,Artem Bondarenko,ua UKR,MF,Shakhtar,25-118,2000,14,12,969,10.8,2,3,5,1,1,1,0,0,0.19,0.28,0.46,0.09,0.37
39,Valeriy Bondarenko,ua UKR,DF,FK Kolos,31-317,1994,7,5,461,5.1,0,0,0,0,0,0,0,0,0.00,0.00,0.00,0.00,0.00
40,Thiago Borges,br BRA,DF,Kryvbas,20-346,2005,3,2,225,2.5,0,0,0,0,0,0,0,0,0.00,0.00,0.00,0.00,0.00
41,Andriy Boryachuk,ua UKR,FW-MF,Epitsentr,29-238,1996,11,4,402,4.5,1,0,1,1,0,0,0,0,0.22,0.00,0.22,0.22,0.22
42,Maksym Braharu,ua UKR,MF,FC Polissya Zhytomyr,23-149,2002,12,11,858,9.5,3,1,4,3,0,0,1,0,0.31,0.10,0.42,0.31,0.42
43,Maksym Braharu,ua UKR,MF,Dynamo Kyiv,23-149,2002,2,1,67,0.7,1,1,2,1,0,0,0,0,1.34,1.34,2.69,1.34,2.69
44,Volodymyr Brazhko,ua UKR,MF,Dynamo Kyiv,23-328,2002,12,6,663,7.4,1,0,1,1,0,0,1,0,0.14,0.00,0.14,0.14,0.14
45,Bruninho,br BRA,MF-FW,Karpaty Lviv,25-234,2000,15,14,1282,14.2,5,1,6,4,1,1,1,0,0.35,0.07,0.42,0.28,0.35
46,Pylyp Budkivskyi,ua UKR,FW,Zorya Luhansk,33-282,1992,15,14,1244,13.8,7,1,8,7,0,0,4,0,0.51,0.07,0.58,0.51,0.58
47,Serhii Buletsa,ua UKR,MF,FC Oleksandriya,26-304,1999,15,12,975,10.8,1,3,4,1,0,0,0,0,0.09,0.28,0.37,0.09,0.37
48,Mykyta Burda,ua UKR,DF,FK Kolos,30-268,1995,7,6,495,5.5,1,0,1,1,0,0,0,0,0.18,0.00,0.18,0.18,0.18
49,Vitaliy Buyalskyi,ua UKR,MF,Dynamo Kyiv,32-345,1993,12,10,811,9.0,5,3,8,4,1,1,0,0,0.55,0.33,0.89,0.44,0.78
50,Mykola Buzhyn,ua UKR,DF,SK Poltava,26-273,1999,16,16,1300,14.4,2,0,2,2,0,0,2,0,0.14,0.00,0.14,0.14,0.14
51,Kostiantyn Bychek,ua UKR,FW,Obolon-Brovar Kyiv,25-240,2000,11,4,404,4.5,0,0,0,0,0,0,0,0,0.00,0.00,0.00,0.00,0.00
52,Tedi Cara,al ALB,MF,FC Oleksandriya,25-246,2000,16,16,1242,13.8,4,0,4,4,0,0,2,0,0.29,0.00,0.29,0.29,0.29
53,Bryan Castillo,ve VEN,FW,FC Oleksandriya,24-217,2001,13,8,738,8.2,1,1,2,1,0,0,2,0,0.12,0.12,0.24,0.12,0.24
54,Jon Ceberio,es ESP,MF,Epitsentr,29-087,1996,11,9,719,8.0,2,0,2,2,0,0,3,0,0.25,0.00,0.25,0.25,0.25
55,Ambrosiy Chachua,ua UKR,MF,Karpaty Lviv,31-259,1994,16,15,1297,14.4,0,2,2,0,0,0,2,0,0.00,0.14,0.14,0.00,0.14
56,Danyil Checher,ua UKR,DF,Veres Rivne,21-030,2004,1,0,1,0.0,0,0,0,0,0,0,0,0,0.00,0.00,0.00,0.00,0.00
57,Maksym Chekh,ua UKR,MF,Obolon-Brovar Kyiv,26-348,1999,15,14,1202,13.4,0,0,0,0,0,0,5,0,0.00,0.00,0.00,0.00,0.00
58,Artem Cheliadin,ua UKR,MF,FK Kolos,25-353,1999,2,0,10,0.1,0,0,0,0,0,0,0,0,0.00,0.00,0.00,0.00,0.00
59,Ruslan Chernenko,ua UKR,MF,Obolon-Brovar Kyiv,33-079,1992,11,7,601,6.7,0,1,1,0,0,0,1,0,0.00,0.15,0.15,0.00,0.15
60,Serhii Chobotenko,ua UKR,DF,FC Polissya Zhytomyr,28-335,1997,16,16,1440,16.0,1,0,1,1,0,0,2,0,0.06,0.00,0.06,0.06,0.06
61,Artem Chornyy,ua UKR,FW,Obolon-Brovar Kyiv,17-266,2008,3,0,53,0.6,0,0,0,0,0,0,0,0,0.00,0.00,0.00,0.00,0.00
62,Vyacheslav Churko,ua UKR,MF,Metalist 1925,32-221,1993,10,2,236,2.6,1,0,1,1,0,0,1,0,0.38,0.00,0.38,0.38,0.38
63,Joaquin Cifuentes,,MF,Epitsentr,,,16,15,1322,14.7,5,4,9,1,4,4,2,0,0.34,0.27,0.61,0.07,0.34
64,Kai Cipot,si SVN,DF,Veres Rivne,24-233,2001,15,13,1235,13.7,0,0,0,0,0,0,2,0,0.00,0.00,0.00,0.00,0.00
65,Nil Coch,es ESP,DF-MF,Epitsentr,27-237,1998,14,14,1193,13.3,1,0,1,1,0,0,4,0,0.08,0.00,0.08,0.08,0.08
66,Andrei Cojuhar,md MDA,GK,Veres Rivne,26-150,1999,1,1,90,1.0,0,0,0,0,0,0,0,0,0.00,0.00,0.00,0.00,0.00
67,Talles Costa,br BRA,MF,FC Polissya Zhytomyr,23-137,2002,11,3,436,4.8,0,1,1,0,0,0,2,0,0.00,0.21,0.21,0.00,0.21
68,Ajdi Dajko,al ALB,DF,FC LNZ Cherkasy,23-050,2002,7,3,335,3.7,0,1,1,0,0,0,2,0,0.00,0.27,0.27,0.00,0.27
69,Vladyslav Danylenko,ua UKR,MF,SK Poltava,27-108,1998,5,2,247,2.7,0,0,0,0,0,0,2,0,0.00,0.00,0.00,0.00,0.00
70,Anton Demchenko,ua UKR,FW,Kudrivka,20-345,2005,4,0,58,0.6,0,0,0,0,0,0,0,0,0.00,0.00,0.00,0.00,0.00
71,Oleksandr Demchenko,ua UKR,MF,FK Kolos,29-307,1996,10,5,435,4.8,0,1,1,0,0,0,0,0,0.00,0.21,0.21,0.00,0.21
72,Yehor Demchenko,ua UKR,MF-FW,Epitsentr,28-145,1997,11,4,365,4.1,1,0,1,1,0,0,0,0,0.25,0.00,0.25,0.25,0.25
73,Junior Dibango,cm CMR,DF,Kryvbas,23-282,2002,8,6,552,6.1,0,0,0,0,0,0,0,0,0.00,0.00,0.00,0.00,0.00
74,Roman Didyk,ua UKR,DF-MF,FC LNZ Cherkasy,23-015,2002,10,10,816,9.1,0,0,0,0,0,0,2,0,0.00,0.00,0.00,0.00,0.00
75,Viktor Dolgyi,ua UKR,GK,FC Oleksandriya,21-349,2004,11,10,945,10.5,0,0,0,0,0,0,1,0,0.00,0.00,0.00,0.00,0.00
76,Nazar Domchak,ua UKR,GK,Karpaty Lviv,18-255,2007,13,13,1170,13.0,0,0,0,0,0,0,1,0,0.00,0.00,0.00,0.00,0.00
77,Arsentii Doroshenko,ua UKR,MF,SK Poltava,25-173,2000,9,7,536,6.0,0,2,2,0,0,0,1,0,0.00,0.34,0.34,0.00,0.34
78,Oleksandr Drambaiev,ua UKR,DF,FC LNZ Cherkasy,24-240,2001,7,7,630,7.0,0,1,1,0,0,0,0,0,0.00,0.14,0.14,0.00,0.14
79,Kyrylo Dryshlyuk,ua UKR,MF,Zorya Luhansk,26-092,1999,8,3,327,3.6,0,0,0,0,0,0,1,0,0.00,0.00,0.00,0.00,0.00
80,Vladyslav Dubinchak,ua UKR,DF,Dynamo Kyiv,27-169,1998,7,5,506,5.6,0,1,1,0,0,0,1,0,0.00,0.18,0.18,0.00,0.18
81,Valeriy Dubko,ua UKR,DF,Obolon-Brovar Kyiv,24-270,2001,15,15,1.35,15.0,0,0,0,0,0,0,4,0,0.00,0.00,0.00,0.00,0.00
82,Artur Dumaniuk,ua UKR,MF,Kudrivka,29-032,1996,15,13,1044,11.6,1,1,2,1,0,0,2,0,0.09,0.09,0.17,0.09,0.17
83,Oleh Dziurynets,ua UKR,FW,Rukh Lviv,15-147,2010,1,0,3,0.0,0,0,0,0,0,0,0,0,0.00,0.00,0.00,0.00,0.00
84,Edson,br BRA,MF-DF,Rukh Lviv,27-237,1998,12,9,820,9.1,0,1,1,0,0,0,4,0,0.00,0.11,0.11,0.00,0.11
85,Eguinaldo,br BRA,MF-FW,Shakhtar,21-130,2004,9,6,528,5.9,4,1,5,4,0,0,1,0,0.68,0.17,0.85,0.68,0.85
86,Kauã Elias,br BRA,FW,Shakhtar,19-264,2006,14,8,800,8.9,6,2,8,6,0,1,0,0,0.68,0.23,0.90,0.68,0.90
87,Gabriel Eskinja,at AUT,DF,Zorya Luhansk,22-110,2003,1,0,1,0.0,0,0,0,0,0,0,0,0,0.00,0.00,0.00,0.00,0.00
88,Baboucarr Faal,gm GAM,FW,Rukh Lviv,22-258,2003,16,16,1409,15.7,7,1,8,7,0,0,1,0,0.45,0.06,0.51,0.45,0.51
89,Fabiano,br BRA,FW,Karpaty Lviv,19-246,2006,10,0,145,1.6,1,0,1,1,0,0,1,0,0.62,0.00,0.62,0.62,0.62
90,Oleh Fedor,ua UKR,MF-FW,Karpaty Lviv,21-147,2004,8,2,178,2.0,0,0,0,0,0,0,0,0,0.00,0.00,0.00,0.00,0.00
91,Nazarii Fedorivskyi,ua UKR,GK,Obolon-Brovar Kyiv,29-244,1996,10,10,900,10.0,0,1,1,0,0,0,0,0,0.00,0.10,0.10,0.00,0.10
92,Miguel Ferreira Campos,pt POR,DF,FC Oleksandriya,29-120,1996,10,10,896,10.0,0,0,0,0,0,0,1,1,0.00,0.00,0.00,0.00,0.00
93,Lucas Ferreira,br BRA,MF,Shakhtar,19-233,2006,9,1,163,1.8,0,0,0,0,0,0,0,0,0.00,0.00,0.00,0.00,0.00
94,Oleksandr Feshchenko,ua UKR,MF,Obolon-Brovar Kyiv,18-149,2007,2,0,34,0.4,0,0,0,0,0,0,0,0,0.00,0.00,0.00,0.00,0.00
95,Kiril Fesiun,ua UKR,GK,Shakhtar,23-132,2002,2,2,180,2.0,0,0,0,0,0,0,0,0,0.00,0.00,0.00,0.00,0.00
96,Oleksandr Filippov,ua UKR,FW,FC Polissya Zhytomyr,33-055,1992,16,8,674,7.5,2,1,3,2,0,1,1,0,0.27,0.13,0.40,0.27,0.40
97,Lassina Franck Traoré,bf BFA,FW,Shakhtar,24-339,2001,1,1,52,0.6,0,0,0,0,0,0,0,0,0.00,0.00,0.00,0.00,0.00
98,Nika Gagnidze,ge GEO,MF,FK Kolos,24-272,2001,12,11,1009,11.2,0,3,3,0,0,0,1,0,0.00,0.27,0.27,0.00,0.27
99,Mykola Gajduchyk,ua UKR,FW,FC Polissya Zhytomyr,25-352,1999,16,8,760,8.4,7,0,7,7,0,0,1,0,0.83,0.00,0.83,0.83,0.83
100,Geovane,br BRA,MF,Epitsentr,26-271,1999,9,7,521,5.8,1,0,1,1,0,0,0,0,0.17,0.00,0.17,0.17,0.17
101,Alaa Ghram,tn TUN,DF,Shakhtar,24-146,2001,2,2,167,1.9,0,0,0,0,0,0,0,0,0.00,0.00,0.00,0.00,0.00
102,Giorgi Gocholeishvili,ge GEO,DF,Shakhtar,24-306,2001,1,1,75,0.8,0,0,0,0,0,0,0,0,0.00,0.00,0.00,0.00,0.00
103,Dmytro Godya,ua UKR,MF,Veres Rivne,20-282,2005,8,3,260,2.9,0,0,0,0,0,0,2,0,0.00,0.00,0.00,0.00,0.00
104,Marlon Gomes,br BRA,MF,Shakhtar,22-003,2003,15,12,940,10.4,1,1,2,1,0,0,3,0,0.10,0.10,0.19,0.10,0.19
105,André Gonçalves,pt POR,MF-FW,FC Polissya Zhytomyr,22-215,2003,3,2,135,1.5,0,0,0,0,0,0,0,0,0.00,0.00,0.00,0.00,0.00
106,Oleg Gorin,ua UKR,DF,FC LNZ Cherkasy,25-318,2000,12,11,987,11.0,0,0,0,0,0,0,4,0,0.00,0.00,0.00,0.00,0.00
107,Arthur Goulart,br BRA,DF,FC Oleksandriya,20-039,2005,3,2,156,1.7,0,0,0,0,0,0,0,0,0.00,0.00,0.00,0.00,0.00
108,Eduardo Guerrero,pa PAN,FW,Dynamo Kyiv,25-299,2000,14,9,831,9.2,3,1,4,3,0,0,0,0,0.32,0.11,0.43,0.32,0.43
109,Oleksiy Gusiev,ua UKR,DF,Kudrivka,20-276,2005,4,1,122,1.4,0,0,0,0,0,0,1,0,0.00,0.00,0.00,0.00,0.00
110,Andi Hadroj,al ALB,DF,FC Polissya Zhytomyr,26-298,1999,3,1,121,1.3,0,0,0,0,0,0,0,0,0.00,0.00,0.00,0.00,0.00
111,Ramik Hadzhyiev,ua UKR,MF,Metalist 1925,20-125,2005,4,3,204,2.3,2,0,2,2,0,0,0,0,0.88,0.00,0.88,0.88,0.88
112,Denys Halenkov,ua UKR,MF,SK Poltava,30-065,1995,16,14,1306,14.5,1,1,2,1,0,0,1,0,0.07,0.07,0.14,0.07,0.14
113,Fernando Henrique,br BRA,MF,FC Oleksandriya,24-199,2001,16,10,866,9.6,0,1,1,0,0,0,3,0,0.00,0.10,0.10,0.00,0.10
114,Pedro Henrique,br BRA,DF,Shakhtar,23-159,2002,13,12,1079,12.0,0,4,4,0,0,0,1,0,0.00,0.33,0.33,0.00,0.33
115,Yurii Hereta,ua UKR,GK,Rukh Lviv,21-321,2004,16,16,1440,16.0,0,0,0,0,0,0,0,0,0.00,0.00,0.00,0.00,0.00
116,Anton Hlushchenko,ua UKR,MF,Shakhtar,21-241,2004,2,0,58,0.6,1,0,1,1,0,0,1,0,1.55,0.00,1.55,1.55,1.55
117,Ivan Holovkin,ua UKR,FW,Zorya Luhansk,25-207,2000,1,0,3,0.0,0,0,0,0,0,0,0,0,0.00,0.00,0.00,0.00,0.00
118,Roman Honcharenko,ua UKR,DF,Veres Rivne,32-031,1993,12,11,970,10.8,0,0,0,0,0,0,3,0,0.00,0.00,0.00,0.00,0.00
119,Ihor Horbach,ua UKR,FW,Zorya Luhansk,21-204,2004,8,1,126,1.4,0,0,0,0,0,0,1,0,0.00,0.00,0.00,0.00,0.00
120,Valentyn Horokh,ua UKR,GK,Veres Rivne,24-306,2001,14,14,1260,14.0,0,0,0,0,0,0,1,0,0.00,0.00,0.00,0.00,0.00
121,Stepan Hryhorashchuk,ua UKR,DF,Epitsentr,24-342,2001,10,10,845,9.4,0,0,0,0,0,0,3,0,0.00,0.00,0.00,0.00,0.00
122,Maksym Hrysyo,ua UKR,DF,Obolon-Brovar Kyiv,29-217,1996,2,1,85,0.9,0,0,0,0,0,0,0,0,0.00,0.00,0.00,0.00,0.00
123,Oleksiy Hutsulyak,ua UKR,MF,FC Polissya Zhytomyr,27-357,1997,13,7,735,8.2,2,3,5,2,0,0,0,0,0.24,0.37,0.61,0.24,0.61
124,Hrvoje Ilic,hr CRO,MF,Kryvbas,26-247,1999,1,0,11,0.1,0,0,0,0,0,0,0,0,0.00,0.00,0.00,0.00,0.00
125,Oleh Ilin,ua UKR,DF-MF,Obolon-Brovar Kyiv,28-192,1997,11,10,897,10.0,0,2,2,0,0,0,1,0,0.00,0.20,0.20,0.00,0.20
126,Isaque,br BRA,MF,Shakhtar,18-237,2007,11,2,348,3.9,3,2,5,3,0,0,1,0,0.78,0.52,1.29,0.78,1.29
127,Peter Itodo,ng NGA,FW,Metalist 1925,22-169,2003,11,9,726,8.1,3,1,4,3,0,0,1,0,0.37,0.12,0.50,0.37,0.50
128,Oleksandr Ivanov,ua UKR,MF,FC Polissya Zhytomyr,21-152,2004,1,0,2,0.0,0,0,0,0,0,0,0,0,0.00,0.00,0.00,0.00,0.00
129,Andrija Janjić,ba BIH,DF,Zorya Luhansk,23-211,2002,14,13,1118,12.4,1,0,1,1,0,0,4,0,0.08,0.00,0.08,0.08,0.08
130,Muharrem Jashari,xk KVX,MF,FC LNZ Cherkasy,27-299,1998,14,13,1171,13.0,3,3,6,3,0,1,3,0,0.23,0.23,0.46,0.23,0.46
131,Jordan,br BRA,DF,Zorya Luhansk,26-239,1999,16,15,1338,14.9,1,1,2,1,0,0,0,0,0.07,0.07,0.13,0.07,0.13
132,Juninho,br BRA,DF,Zorya Luhansk,29-356,1995,16,16,1365,15.2,1,3,4,1,0,0,2,0,0.07,0.20,0.26,0.07,0.26
133,Jan Jurčec,hr CRO,DF,Kryvbas,25-020,2000,16,16,1440,16.0,0,3,3,0,0,0,1,0,0.00,0.19,0.19,0.00,0.19
134,Vladyslav Kabayev,ua UKR,MF-FW,Dynamo Kyiv,30-107,1995,12,9,733,8.1,0,1,1,0,0,0,3,0,0.00,0.12,0.12,0.00,0.12
135,Vladyslav Kalitvintsev,ua UKR,MF,Metalist 1925,32-347,1993,11,11,933,10.4,1,3,4,1,0,0,2,0,0.10,0.29,0.39,0.10,0.39
136,Ivan Kaliuzhnyi,ua UKR,MF,Metalist 1925,27-330,1998,14,14,1260,14.0,2,1,3,2,0,0,5,0,0.14,0.07,0.21,0.14,0.21
137,Oleksandr Kamenskyi,ua UKR,MF,Kryvbas,18-087,2007,11,1,199,2.2,1,0,1,1,0,0,0,0,0.45,0.00,0.45,0.45,0.45
138,Ibrahim Kané,ml MLI,MF,FK Kolos,25-177,2000,13,6,550,6.1,1,0,1,1,0,0,0,0,0.16,0.00,0.16,0.16,0.16
139,Dmytro Kapinus,ua UKR,DF,Metalist 1925,22-233,2003,5,0,50,0.6,0,0,0,0,0,0,0,0,0.00,0.00,0.00,0.00,0.00
140,Yaroslav Karabin,ua UKR,MF,Karpaty Lviv,23-028,2002,8,1,235,2.6,0,1,1,0,0,0,0,0,0.00,0.38,0.38,0.00,0.38
141,Yaroslav Karaman,ua UKR,MF,FC Polissya Zhytomyr,19-192,2006,3,1,118,1.3,0,0,0,0,0,0,0,0,0.00,0.00,0.00,0.00,0.00
142,Oleksandr Karavayev,ua UKR,DF,Dynamo Kyiv,33-198,1992,15,13,1147,12.7,4,5,9,4,0,0,0,0,0.31,0.39,0.71,0.31,0.71
143,Nazar Kasarda,ua UKR,FW,Rukh Lviv,20-173,2005,1,0,33,0.4,0,0,0,0,0,0,1,0,0.00,0.00,0.00,0.00,0.00
144,Oleksandr Kemkin,ua UKR,GK,Kryvbas,23-134,2002,11,11,915,10.2,0,0,0,0,0,0,1,1,0.00,0.00,0.00,0.00,0.00
145,Oleksiy Khakhlov,ua UKR,MF-FW,SK Poltava,26-314,1999,14,10,843,9.4,0,0,0,0,0,0,1,0,0.00,0.00,0.00,0.00,0.00
146,Ihor Kharatin,ua UKR,MF,Veres Rivne,30-318,1995,15,15,1250,13.9,0,1,1,0,0,0,3,0,0.00,0.07,0.07,0.00,0.07
147,Ilya Khodulya,ua UKR,DF,SK Poltava,36-184,1989,3,1,75,0.8,0,0,0,0,0,0,1,0,0.00,0.00,0.00,0.00,0.00
148,Vitalii Kholod,ua UKR,DF,Rukh Lviv,21-336,2004,16,16,1440,16.0,0,0,0,0,0,0,2,0,0.00,0.00,0.00,0.00,0.00
149,Andrii Kitela,ua UKR,MF,Rukh Lviv,21-004,2004,10,4,384,4.3,0,0,0,0,0,0,2,0,0.00,0.00,0.00,0.00,0.00
150,Klayver,br BRA,MF,Rukh Lviv,22-114,2003,13,8,640,7.1,1,0,1,1,0,0,1,0,0.14,0.00,0.14,0.14,0.14
151,Yuriy Klymchuk,ua UKR,FW,FK Kolos,28-226,1997,16,13,963,10.7,7,1,8,7,0,0,0,0,0.65,0.09,0.75,0.65,0.75
152,Vladyslav Klymenko,ua UKR,DF,Karpaty Lviv,31-181,1994,9,1,217,2.4,0,0,0,0,0,0,0,0,0.00,0.00,0.00,0.00,0.00
153,Oleksandr Klymets,ua UKR,DF-MF,Epitsentr,25-306,2000,13,13,1163,12.9,2,0,2,2,0,0,1,0,0.15,0.00,0.15,0.15,0.15
154,Dmytro Klyots,ua UKR,MF,Veres Rivne,29-246,1996,9,2,172,1.9,0,0,0,0,0,0,0,0,0.00,0.00,0.00,0.00,0.00
155,Ihor Kohut,ua UKR,MF,Metalist 1925,29-285,1996,13,1,267,3.0,0,0,0,0,0,0,2,0,0.00,0.00,0.00,0.00,0.00
156,Bakary Konaté,ml MLI,DF,Kryvbas,22-244,2003,16,16,1.44,16.0,1,0,1,1,0,0,3,0,0.06,0.00,0.06,0.06,0.06
157,Mykyta Kononov,ua UKR,DF,SK Poltava,22-329,2003,16,11,1.044,11.6,0,1,1,0,0,0,1,0,0.00,0.09,0.09,0.00,0.09
158,Yukhym Konoplia,ua UKR,DF,Shakhtar,26-113,1999,11,9,734,8.2,2,3,5,2,0,0,2,0,0.25,0.37,0.61,0.25,0.61
159,Yuriy Kopyna,ua UKR,DF-MF,Rukh Lviv,29-166,1996,14,13,1.09,12.1,1,1,2,1,0,0,2,0,0.08,0.08,0.17,0.08,0.17
160,Dmytro Korkishko,ua UKR,MF,Kudrivka,35-227,1990,9,1,202,2.2,0,0,0,0,0,1,1,0,0.00,0.00,0.00,0.00,0.00
161,Serhii Korniychuk,ua UKR,DF,FC Polissya Zhytomyr,21-175,2004,1,0,33,0.4,0,0,0,0,0,0,0,0,0.00,0.00,0.00,0.00,0.00
162,Serhii Korniychuk,ua UKR,DF,Veres Rivne,21-175,2004,6,1,142,1.6,0,0,0,0,0,0,1,1,0.00,0.00,0.00,0.00,0.00
163,Yan Kostenko,ua UKR,MF-FW,Karpaty Lviv,22-166,2003,12,11,811,9.0,0,0,0,0,0,0,3,0,0.00,0.00,0.00,0.00,0.00
164,Igor Kotsyumaka,ua UKR,DF,SK Poltava,30-280,1995,11,6,627,7.0,0,0,0,0,0,0,2,1,0.00,0.00,0.00,0.00,0.00
165,Kyrylo Kovalets,ua UKR,FW-MF,FC Oleksandriya,32-168,1993,1,0,30,0.3,0,0,0,0,0,0,2,1,0.00,0.00,0.00,0.00,0.00
166,Artem Kozak,ua UKR,MF,FC Oleksandriya,27-203,1998,11,8,605,6.7,0,0,0,0,0,0,1,0,0.00,0.00,0.00,0.00,0.00
167,Oleksandr Kozak,ua UKR,MF,Kudrivka,31-145,1994,15,14,1108,12.3,2,0,2,2,0,0,2,0,0.16,0.00,0.16,0.16,0.16
168,Eduard Kozik,ua UKR,DF,FK Kolos,22-242,2003,14,14,1158,12.9,0,1,1,0,0,0,4,0,0.00,0.08,0.08,0.00,0.08
169,Oleksandr Kozlov,ua UKR,FW,Obolon-Brovar Kyiv,19-255,2006,1,0,25,0.3,0,0,0,0,0,0,0,0,0.00,0.00,0.00,0.00,0.00
170,Albin Krasniqi,xk KVX,MF,FK Kolos,24-197,2001,6,0,97,1.1,0,0,0,0,0,0,0,0,0.00,0.00,0.00,0.00,0.00
171,Ilir Krasniqi,xk KVX,DF-MF,FK Kolos,25-259,2000,14,13,1185,13.2,1,0,1,1,0,0,0,0,0.08,0.00,0.08,0.08,0.08
172,Ihor Krasnopir,ua UKR,FW,Karpaty Lviv,23-016,2002,16,10,915,10.2,4,1,5,4,0,0,3,0,0.39,0.10,0.49,0.39,0.49
173,Mykyta Kravchenko,ua UKR,DF,FC Polissya Zhytomyr,28-186,1997,10,9,795,8.8,0,1,1,0,0,0,1,0,0.00,0.11,0.11,0.00,0.11
174,Danylo Kravchuk,ua UKR,FW,FC LNZ Cherkasy,24-168,2001,15,0,209,2.3,0,0,0,0,0,0,1,0,0.00,0.00,0.00,0.00,0.00
175,Illia Krupskyi,ua UKR,DF,Metalist 1925,21-076,2004,15,15,1350,15.0,0,0,0,0,0,0,1,0,0.00,0.00,0.00,0.00,0.00
176,Borys Krushynskyi,ua UKR,DF-MF,FC Polissya Zhytomyr,23-221,2002,9,7,606,6.7,0,0,0,0,0,0,3,0,0.00,0.00,0.00,0.00,0.00
177,Dmytro Kryskiv,ua UKR,MF,Shakhtar,25-072,2000,7,4,392,4.4,0,0,0,0,0,0,1,0,0.00,0.00,0.00,0.00,0.00
178,Stanislav Krystin,ua UKR,MF-DF,Epitsentr,24-103,2001,4,2,195,2.2,0,0,0,0,0,0,1,0,0.00,0.00,0.00,0.00,0.00
179,Vladyslav Krystin,ua UKR,MF,Epitsentr,24-103,2001,4,0,112,1.2,0,0,0,0,0,0,0,0,0.00,0.00,0.00,0.00,0.00
180,Valeriy Kucherov,ua UKR,MF,Veres Rivne,32-128,1993,12,3,439,4.9,0,0,0,0,0,0,1,0,0.00,0.00,0.00,0.00,0.00
181,Oleh Kudryk,ua UKR,GK,FC Polissya Zhytomyr,29-061,1996,3,3,270,3.0,0,0,0,0,0,0,0,0,0.00,0.00,0.00,0.00,0.00
182,Andrii Kulakov,ua UKR,FW,FC Oleksandriya,26-233,1999,14,7,635,7.1,0,1,1,0,0,0,2,0,0.00,0.14,0.14,0.00,0.14
183,Artem Kulakovskyi,ua UKR,MF,Obolon-Brovar Kyiv,23-309,2002,10,5,424,4.7,0,0,0,0,0,0,1,0,0.00,0.00,0.00,0.00,0.00
184,Vasyl Kurko,ua UKR,DF-MF,Obolon-Brovar Kyiv,30-236,1995,11,11,913,10.1,1,0,1,1,0,0,0,0,0.10,0.00,0.10,0.10,0.10
185,Bohdan Kushnirenko,ua UKR,MF,Zorya Luhansk,30-045,1995,8,8,720,8.0,0,0,0,0,0,0,3,0,0.00,0.00,0.00,0.00,0.00
186,Bohdan Kushnirenko,ua UKR,MF,FC LNZ Cherkasy,30-045,1995,2,1,60,0.7,0,0,0,0,0,0,0,0,0.00,0.00,0.00,0.00,0.00
187,Giorgi Kutsia,ge GEO,MF,Veres Rivne,26-051,1999,13,6,564,6.3,0,0,0,0,0,0,3,0,0.00,0.00,0.00,0.00,0.00
188,Denys Kuzyk,ua UKR,DF-MF,FC LNZ Cherkasy,23-090,2002,16,16,1401,15.6,2,2,4,2,0,0,1,0,0.13,0.13,0.26,0.13,0.26
189,Kostiantyn Kvas,ua UKR,MF,Rukh Lviv,20-197,2005,3,1,42,0.5,0,0,0,0,0,0,0,0,0.00,0.00,0.00,0.00,0.00
190,Illia Kvasnytsia,ua UKR,MF,Karpaty Lviv,22-272,2003,1,0,11,0.1,0,0,0,0,0,0,0,0,0.00,0.00,0.00,0.00,0.00
191,Illia Kvasnytsia,ua UKR,MF,Rukh Lviv,22-272,2003,12,11,745,8.3,1,0,1,1,0,0,2,0,0.12,0.00,0.12,0.12,0.12
192,Mykola Kyrychok,ua UKR,DF,Karpaty Lviv,19-215,2006,1,1,90,1.0,0,0,0,0,0,0,1,0,0.00,0.00,0.00,0.00,0.00
193,Ihor Kyryukhantsev,ua UKR,MF-DF,Epitsentr,29-322,1996,12,12,967,10.7,0,1,1,0,0,0,1,0,0.00,0.09,0.09,0.00,0.09
194,Yaroslav Kysil,ua UKR,DF,FC LNZ Cherkasy,22-200,2003,1,0,5,0.1,0,0,0,0,0,0,0,0,0.00,0.00,0.00,0.00,0.00
195,Dmytro Ledvin,ua UKR,GK,FC LNZ Cherkasy,22-113,2003,5,5,450,5.0,0,0,0,0,0,0,0,0,0.00,0.00,0.00,0.00,0.00
196,Bogdan Levytskyi,ua UKR,DF,Rukh Lviv,16-346,2009,1,1,90,1.0,0,0,0,0,0,0,0,0,0.00,0.00,0.00,0.00,0.00
197,Rostyslav Liakh,ua UKR,DF,Rukh Lviv,25-066,2000,15,14,1275,14.2,1,1,2,1,0,0,4,0,0.07,0.07,0.14,0.07,0.14
198,Bohdan Liedniev,ua UKR,MF,FC Polissya Zhytomyr,27-254,1998,5,1,129,1.4,0,0,0,0,0,0,2,0,0.00,0.00,0.00,0.00,0.00
199,Artem Liehostaiev,ua UKR,FW,Kudrivka,23-128,2002,14,9,761,8.5,1,1,2,1,0,0,1,0,0.12,0.12,0.24,0.12,0.24
200,Bar Lin,il ISR,MF,Kryvbas,21-133,2004,12,8,742,8.2,1,0,1,1,0,0,0,0,0.12,0.00,0.12,0.12,0.12
201,Andrey Lipovuz,ua UKR,MF,Epitsentr,27-322,1998,8,2,244,2.7,0,1,1,0,0,0,1,0,0.00,0.37,0.37,0.00,0.37
202,Oleksii Litovchenko,ua UKR,FW,Kudrivka,29-124,1996,5,1,131,1.5,0,0,0,0,0,0,0,0,0.00,0.00,0.00,0.00,0.00
203,Andrii Lomnytskyi,ua UKR,DF,Obolon-Brovar Kyiv,20-075,2005,5,3,207,2.3,0,0,0,0,0,0,0,0,0.00,0.00,0.00,0.00,0.00
204,José López,bo BOL,FW,Kryvbas,22-136,2003,1,0,6,0.1,0,0,0,0,0,0,0,0,0.00,0.00,0.00,0.00,0.00
205,Ivan Losenko,ua UKR,MF,Kudrivka,21-146,2004,12,11,928,10.3,0,0,0,0,0,0,3,0,0.00,0.00,0.00,0.00,0.00
206,Andriy Lyashenko,ua UKR,MF,Epitsentr,27-189,1998,2,0,33,0.4,0,0,0,0,0,0,0,0,0.00,0.00,0.00,0.00,0.00
207,Roman Lyopka,ua UKR,GK,Kudrivka,28-325,1997,5,5,450,5.0,0,0,0,0,0,0,0,0,0.00,0.00,0.00,0.00,0.00
208,Ivan Lytvynenko,ua UKR,MF,Metalist 1925,24-251,2001,13,12,1053,11.7,2,0,2,2,0,0,1,0,0.17,0.00,0.17,0.17,0.17
209,Artem Macheliuk,ua UKR,DF,Kudrivka,26-064,1999,15,14,1289,14.3,0,0,0,0,0,0,0,0,0.00,0.00,0.00,0.00,0.00
210,Giorgi Maisuradze,ge GEO,DF,FC Polissya Zhytomyr,23-320,2002,1,0,1,0.0,0,0,0,0,0,0,0,0,0.00,0.00,0.00,0.00,0.00
211,Nazar Makarenko,ua UKR,GK,FC Oleksandriya,18-179,2007,2,2,180,2.0,0,0,0,0,0,0,0,0,0.00,0.00,0.00,0.00,0.00
212,Volodymyr Makhankov,ua UKR,GK,Kryvbas,28-049,1997,6,5,519,5.8,0,0,0,0,0,0,0,0,0.00,0.00,0.00,0.00,0.00
213,Navin Malysh,ua UKR,DF,Zorya Luhansk,22-143,2003,8,2,285,3.2,0,0,0,0,0,0,0,0,0.00,0.00,0.00,0.00,0.00
214,Ivan Mamrosenko,ua UKR,DF,Kudrivka,25-265,2000,8,6,558,6.2,0,0,0,0,0,0,1,0,0.00,0.00,0.00,0.00,0.00
215,Denys Marchenko,ua UKR,GK,Obolon-Brovar Kyiv,18-315,2007,3,3,270,3.0,0,0,0,0,0,0,0,0,0.00,0.00,0.00,0.00,0.00
216,Marlon,br BRA,DF,Shakhtar,30-101,1995,6,5,401,4.5,0,1,1,0,0,0,1,0,0.00,0.22,0.22,0.00,0.22
217,Oleksandr Martyniuk,ua UKR,DF,Metalist 1925,24-022,2001,11,10,852,9.5,0,0,0,0,0,0,2,0,0.00,0.00,0.00,0.00,0.00
218,Maksym Marusych,ua UKR,FW-MF,SK Poltava,32-153,1993,10,8,757,8.4,2,1,3,0,2,2,4,0,0.24,0.12,0.36,0.00,0.12
219,Andrii Matkevych,ua UKR,MF,Zorya Luhansk,20-340,2005,9,2,326,3.6,0,1,1,0,0,0,0,0,0.00,0.28,0.28,0.00,0.28
220,Kyrylo Matvieiev,ua UKR,MF,Kudrivka,23-256,2002,7,0,92,1.0,0,0,0,0,0,0,0,0,0.00,0.00,0.00,0.00,0.00
221,Mykola Matviyenko,ua UKR,DF,Shakhtar,29-229,1996,16,12,1147,12.7,0,0,0,0,0,0,0,0,0.00,0.00,0.00,0.00,0.00
222,Jhoel Maya,ec ECU,MF,Kryvbas,19-346,2006,3,0,22,0.2,0,0,0,0,0,0,0,0,0.00,0.00,0.00,0.00,0.00
223,Christian Mba,ng NGA,FW,Metalist 1925,26-066,1999,12,3,359,4.0,1,0,1,1,0,0,0,0,0.25,0.00,0.25,0.25,0.25
224,Ihor Medynskyi,ua UKR,MF,Obolon-Brovar Kyiv,32-348,1993,9,3,351,3.9,0,0,0,0,0,0,1,0,0.00,0.00,0.00,0.00,0.00
225,Luca Meirelles,br BRA,FW,Shakhtar,18-277,2007,10,5,421,4.7,4,1,5,4,0,0,2,0,0.86,0.21,01.07,0.86,01.07
226,Maksym Melnychenko,ua UKR,MF,FC Polissya Zhytomyr,20-308,2005,1,1,65,0.7,0,0,0,0,0,0,0,0,0.00,0.00,0.00,0.00,0.00
227,Maksym Melnychuk,ua UKR,DF,Kudrivka,26-090,1999,16,14,1219,13.5,0,0,0,0,0,0,3,0,0.00,0.00,0.00,0.00,0.00
228,Gleiker Mendoza,ve VEN,MF,Kryvbas,24-009,2001,15,13,1161,12.9,5,7,12,5,0,0,2,0,0.39,0.54,0.93,0.39,0.93
229,Petar Mićin,rs SRB,MF,Zorya Luhansk,27-079,1998,12,8,712,7.9,1,1,2,1,0,0,1,0,0.13,0.13,0.25,0.13,0.25
230,Denys Miroshnichenko,ua UKR,DF,Karpaty Lviv,31-067,1994,14,13,1176,13.1,1,2,3,1,0,0,4,0,0.08,0.15,0.23,0.08,0.23
231,Yevhen Misyura,ua UKR,MF-DF,SK Poltava,31-364,1993,15,14,1248,13.9,2,1,3,2,0,0,1,0,0.14,0.07,0.22,0.14,0.22
232,Francis Momoh,ng NGA,FW,FC LNZ Cherkasy,24-267,2001,1,0,39,0.4,0,0,0,0,0,0,0,0,0.00,0.00,0.00,0.00,0.00
233,Valentyn Morhun,ua UKR,GK,Dynamo Kyiv,24-129,2001,2,2,180,2.0,0,0,0,0,0,0,0,0,0.00,0.00,0.00,0.00,0.00
234,Vladyslav Moroz,ua UKR,DF,Epitsentr,24-074,2001,15,15,1350,15.0,1,1,2,1,0,0,2,0,0.07,0.07,0.13,0.07,0.13
235,Yevhenii Morozko,ua UKR,MF,Kudrivka,32-305,1993,13,12,801,8.9,1,2,3,1,0,0,2,0,0.11,0.22,0.34,0.11,0.34
236,Ari Moura,br BRA,MF,Metalist 1925,29-139,1996,6,2,168,1.9,0,0,0,0,0,0,0,0,0.00,0.00,0.00,0.00,0.00
237,Nazarii Muravskyi,ua UKR,DF,FC LNZ Cherkasy,25-317,2000,13,13,1160,12.9,1,0,1,1,0,0,5,1,0.08,0.00,0.08,0.08,0.08
238,Mykola Mykhailenko,ua UKR,MF,Dynamo Kyiv,24-209,2001,12,10,864,9.6,1,1,2,1,0,0,1,0,0.10,0.10,0.21,0.10,0.21
239,Taras Mykhavko,ua UKR,DF,Dynamo Kyiv,20-201,2005,14,10,917,10.2,2,0,2,2,0,0,1,0,0.20,0.00,0.20,0.20,0.20
240,Bohdan Mykhaylychenko,ua UKR,DF,FC Polissya Zhytomyr,28-271,1997,16,16,1406,15.6,0,1,1,0,0,0,1,0,0.00,0.06,0.06,0.00,0.06
241,Mulyk Mykolaiovych,ua UKR,FW,Kryvbas,19-347,2006,5,0,40,0.4,0,1,1,0,0,0,0,0,0.00,2.25,2.25,0.00,2.25
242,Artur Mykytyshyn,ua UKR,MF,Kryvbas,22-156,2003,12,10,802,8.9,2,1,3,2,0,0,0,0,0.22,0.11,0.34,0.22,0.34
243,Mykola Myronyuk,ua UKR,MF,Epitsentr,23-301,2002,15,10,941,10.5,1,3,4,1,0,0,2,0,0.10,0.29,0.38,0.10,0.38
244,Dmytro Myshnyov,ua UKR,MF,FC Oleksandriya,31-325,1994,15,13,1141,12.7,0,0,0,0,0,0,4,0,0.00,0.00,0.00,0.00,0.00
245,Denys Nahnoinyi,ua UKR,MF,Kudrivka,23-317,2002,11,7,697,7.7,1,0,1,1,0,0,2,0,0.13,0.00,0.13,0.13,0.13
246,Oleksandr Nazarenko,ua UKR,MF-FW,FC Polissya Zhytomyr,25-319,2000,16,6,764,8.5,3,1,4,2,1,1,1,0,0.35,0.12,0.47,0.24,0.35
247,Yehor Nazaryna,ua UKR,MF,Shakhtar,28-160,1997,7,1,160,1.8,1,0,1,1,0,0,0,0,0.56,0.00,0.56,0.56,0.56
248,Théo Ndicka,fr FRA,DF,FC Oleksandriya,25-241,2000,8,5,477,5.3,0,0,0,0,0,0,1,0,0.00,0.00,0.00,0.00,0.00
249,Noha Ndombasi Nlandu,fr FRA,FW,Kryvbas,24-233,2001,1,0,13,0.1,0,0,0,0,0,0,0,0,0.00,0.00,0.00,0.00,0.00
250,Denys Ndukwe,ua UKR,FW,Veres Rivne,25-292,2000,9,7,524,5.8,2,0,2,2,0,0,1,1,0.34,0.00,0.34,0.34,0.34
251,Ruslan Neshcheret,ua UKR,GK,Dynamo Kyiv,23-329,2002,14,14,1260,14.0,0,0,0,0,0,0,0,0,0.00,0.00,0.00,0.00,0.00
252,Ivan Nesterenko,ua UKR,FW-MF,Obolon-Brovar Kyiv,22-147,2003,12,7,616,6.8,1,0,1,1,0,0,1,0,0.15,0.00,0.15,0.15,0.15
253,Igor Neves,br BRA,FW,Karpaty Lviv,26-279,1999,14,6,577,6.4,1,0,1,1,0,0,0,0,0.16,0.00,0.16,0.16,0.16
254,Newerton,br BRA,MF,Shakhtar,20-197,2005,13,10,872,9.7,4,0,4,4,0,0,2,0,0.41,0.00,0.41,0.41,0.41
255,Samuel Nongoh,cm CMR,MF,Veres Rivne,21-288,2004,6,0,89,1.0,0,0,0,0,0,0,0,0,0.00,0.00,0.00,0.00,0.00
256,Shota Nonikashvili,ge GEO,MF,FC LNZ Cherkasy,24-341,2001,14,5,616,6.8,2,0,2,1,1,1,4,0,0.29,0.00,0.29,0.15,0.15
257,Prosper Obah,ng NGA,MF-FW,FC LNZ Cherkasy,22-023,2003,15,10,1016,11.3,7,3,10,6,1,1,2,0,0.62,0.27,0.89,0.53,0.80
258,Oleh Ocheretko,ua UKR,MF,Shakhtar,22-206,2003,16,14,1135,12.6,3,2,5,3,0,0,2,0,0.24,0.16,0.40,0.24,0.40
259,Volodymyr Odaryuk,ua UKR,MF,SK Poltava,31-307,1994,16,16,1365,15.2,3,1,4,3,0,0,1,0,0.20,0.07,0.26,0.20,0.26
260,Mykola Oharkov,ua UKR,DF,FC Oleksandriya,20-302,2005,10,9,757,8.4,0,1,1,0,0,0,3,0,0.00,0.12,0.12,0.00,0.12
261,Tovarchi Oleksii,ua UKR,FW,Obolon-Brovar Kyiv,18-192,2007,2,0,27,0.3,0,0,0,0,0,0,0,0,0.00,0.00,0.00,0.00,0.00
262,Ruan Oliveira Ferreira,br BRA,MF,Zorya Luhansk,25-269,2000,9,0,149,1.7,0,1,1,0,0,0,0,0,0.00,0.60,0.60,0.00,0.60
263,Artem Onishchenko,ua UKR,MF-FW,SK Poltava,22-209,2003,9,2,247,2.7,1,0,1,1,0,0,0,0,0.36,0.00,0.36,0.36,0.36
264,Yevhen Opanasenko,ua UKR,DF,SK Poltava,35-114,1990,6,1,114,1.3,0,0,0,0,0,0,0,0,0.00,0.00,0.00,0.00,0.00
265,Raymond Owusu Frimpong,gh GHA,FW,Kudrivka,23-241,2002,11,6,544,6.0,1,1,2,1,0,0,2,0,0.17,0.17,0.33,0.17,0.33
266,Mathias Oyewusi,ng NGA,FW,FK Kolos,26-318,1999,12,3,405,4.5,1,0,1,1,0,0,1,0,0.22,0.00,0.22,0.22,0.22
267,Ivan Pakholyuk,ua UKR,GK,FK Kolos,21-234,2004,16,16,1.44,16.0,0,0,0,0,0,0,1,0,0.00,0.00,0.00,0.00,0.00
268,Diego Palacios,ec ECU,DF,Karpaty Lviv,26-158,1999,1,1,65,0.7,0,0,0,0,0,0,0,0,0.00,0.00,0.00,0.00,0.00
269,Oleksii Palamarchuk,ua UKR,GK,FC LNZ Cherkasy,34-148,1991,11,11,990,11.0,0,1,1,0,0,0,1,0,0.00,0.09,0.09,0.00,0.09
270,Matvii Panchenko,ua UKR,MF,Metalist 1925,19-316,2006,4,2,149,1.7,0,2,2,0,0,0,0,0,0.00,1.21,1.21,0.00,1.21
271,Carlos Paraco,ve VEN,FW,Kryvbas,22-051,2003,16,16,1187,13.2,5,1,6,5,0,0,3,0,0.38,0.08,0.45,0.38,0.45
272,Hennadiy Pasich,ua UKR,DF,FC LNZ Cherkasy,32-157,1993,16,16,1439,16.0,0,0,0,0,0,0,3,0,0.00,0.00,0.00,0.00,0.00
273,Yevhen Pasich,ua UKR,DF-MF,Obolon-Brovar Kyiv,32-157,1993,8,0,137,1.5,0,1,1,0,0,0,0,0,0.00,0.66,0.66,0.00,0.66
274,Yevhenii Pastukh,ua UKR,MF-FW,Rukh Lviv,21-273,2004,4,4,336,3.7,0,1,1,0,0,0,0,0,0.00,0.27,0.27,0.00,0.27
275,Yevhenii Pastukh,ua UKR,MF,FC LNZ Cherkasy,21-273,2004,12,9,778,8.6,1,0,1,1,0,0,1,0,0.12,0.00,0.12,0.12,0.12
276,Yevhen Pavliuk,ua UKR,DF,Metalist 1925,23-121,2002,15,15,1350,15.0,1,1,2,1,0,0,1,0,0.07,0.07,0.13,0.07,0.13
277,Pedrinho,br BRA,MF,Shakhtar,27-248,1998,14,12,1029,11.4,5,5,10,3,2,2,0,0,0.44,0.44,0.87,0.26,0.70
278,Jean Pedroso,br BRA,DF,Karpaty Lviv,21-323,2004,14,13,1207,13.4,1,2,3,1,0,0,5,0,0.07,0.15,0.22,0.07,0.22
279,Ihor Perduta,ua UKR,DF,Zorya Luhansk,35-032,1990,9,8,720,8.0,0,0,0,0,0,0,0,0,0.00,0.00,0.00,0.00,0.00
280,João Pereira,pt POR,MF,FC Oleksandriya,23-148,2002,12,6,527,5.9,2,1,3,2,0,0,0,0,0.34,0.17,0.51,0.34,0.51
281,Denys Pidgurskyi,ua UKR,MF,Rukh Lviv,22-204,2003,14,7,690,7.7,0,0,0,0,0,0,2,0,0.00,0.00,0.00,0.00,0.00
282,Vadym Pidlepych,ua UKR,DF,SK Poltava,26-239,1999,9,9,691,7.7,0,0,0,0,0,0,1,0,0.00,0.00,0.00,0.00,0.00
283,Oleksandr Pikhalyonok,ua UKR,MF,Dynamo Kyiv,28-224,1997,15,11,937,10.4,2,3,5,1,1,1,0,0,0.19,0.29,0.48,0.10,0.38
284,Dmytro Plakhtyr,ua UKR,MF,SK Poltava,29-306,1996,14,13,1082,12.0,1,1,2,1,0,0,3,0,0.08,0.08,0.17,0.08,0.17
285,Marko Podoliak,ua UKR,MF,FC LNZ Cherkasy,21-227,2004,1,0,2,0.0,0,0,0,0,0,0,0,0,0.00,0.00,0.00,0.00,0.00
286,Pavlo Polehenko,ua UKR,DF,Karpaty Lviv,30-345,1995,11,11,931,10.3,0,0,0,0,0,0,0,0,0.00,0.00,0.00,0.00,0.00
287,Wesley Pombo,br BRA,MF-FW,Veres Rivne,23-198,2002,9,8,602,6.7,0,2,2,0,0,0,1,0,0.00,0.30,0.30,0.00,0.30
288,Andrii Poniedielnik,ua UKR,DF,FK Kolos,28-292,1997,16,13,1310,14.6,0,1,1,0,0,0,1,0,0.00,0.07,0.07,0.00,0.07
289,Matvii Ponomarenko,ua UKR,FW,Dynamo Kyiv,19-340,2006,5,2,188,2.1,2,0,2,2,0,0,0,0,0.96,0.00,0.96,0.96,0.96
290,Dejan Popara,ba BIH,MF,Zorya Luhansk,22-282,2003,13,13,997,11.1,1,1,2,1,0,0,2,0,0.09,0.09,0.18,0.09,0.18
291,Denys Popov,ua UKR,DF,Dynamo Kyiv,26-303,1999,8,7,593,6.6,1,0,1,1,0,0,2,0,0.15,0.00,0.15,0.15,0.15
292,Yurii Potimkov,ua UKR,DF,Kudrivka,23-138,2002,1,1,90,1.0,0,0,0,0,0,0,0,0,0.00,0.00,0.00,0.00,0.00
293,Nazar Prokopenko,ua UKR,MF,FC Oleksandriya,20-196,2005,2,0,19,0.2,0,0,0,0,0,0,0,0,0.00,0.00,0.00,0.00,0.00
294,Yehor Prokopenko,ua UKR,MF-DF,Obolon-Brovar Kyiv,27-207,1998,14,7,764,8.5,0,1,1,0,0,0,1,0,0.00,0.12,0.12,0.00,0.12
295,Mykhailo Protasevych,ua UKR,DF,Veres Rivne,21-027,2004,6,2,231,2.6,0,0,0,0,0,0,1,0,0.00,0.00,0.00,0.00,0.00
296,Vladislav Pryimak,ua UKR,DF,Obolon-Brovar Kyiv,29-109,1996,12,11,1035,11.5,0,0,0,0,0,0,2,0,0.00,0.00,0.00,0.00,0.00
297,Ostap Prytula,ua UKR,MF,Rukh Lviv,25-176,2000,15,12,1108,12.3,1,0,1,0,1,2,4,0,0.08,0.00,0.08,0.00,0.00
298,Oleh Pushkarov,ua UKR,MF,Kudrivka,21-189,2004,5,2,181,2.0,0,0,0,0,0,0,0,0,0.00,0.00,0.00,0.00,0.00
299,Ignat Pushkutsa,ua UKR,FW,Veres Rivne,18-363,2006,4,0,36,0.4,0,0,0,0,0,0,0,0,0.00,0.00,0.00,0.00,0.00
300,Illia Putria,ua UKR,DF,FC LNZ Cherkasy,27-216,1998,1,0,1,0.0,0,0,0,0,0,0,0,0,0.00,0.00,0.00,0.00,0.00
301,Vlad Răileanu,md MDA,MF,Rukh Lviv,22-342,2003,11,7,592,6.6,0,1,1,0,0,0,0,0,0.00,0.15,0.15,0.00,0.15
302,Ermir Rashica,al ALB,MF-FW,Metalist 1925,21-268,2004,15,14,1209,13.4,2,2,4,1,1,1,1,0,0.15,0.15,0.30,0.07,0.22
303,Bohdan Redushko,ua UKR,MF,Dynamo Kyiv,18-344,2007,3,1,92,1.0,0,1,1,0,0,0,0,0,0.00,0.98,0.98,0.00,0.98
304,Artur Riabov,ua UKR,MF,FC LNZ Cherkasy,25-119,2000,15,11,1104,12.3,1,0,1,1,0,0,3,0,0.08,0.00,0.08,0.08,0.08
305,Dmytro Riznyk,ua UKR,GK,Shakhtar,26-321,1999,14,14,1260,14.0,0,0,0,0,0,0,0,0,0.00,0.00,0.00,0.00,0.00
306,Valerii Rohozynskyi,ua UKR,MF-DF,Kudrivka,30-105,1995,10,4,563,6.3,1,0,1,1,0,0,1,0,0.16,0.00,0.16,0.16,0.16
307,Carlos Rojas,ve VEN,DF,Kryvbas,21-328,2004,2,2,154,1.7,0,0,0,0,0,0,0,0,0.00,0.00,0.00,0.00,0.00
308,Vitalii Roman,ua UKR,DF-MF,Rukh Lviv,22-246,2003,8,7,623,6.9,2,1,3,2,0,0,1,0,0.29,0.14,0.43,0.29,0.43
309,Arinald Rrapaj,al ALB,MF-FW,FK Kolos,24-130,2001,14,14,1074,11.9,1,2,3,0,1,1,3,1,0.08,0.17,0.25,0.00,0.17
310,Valentyn Rubchynskyi,ua UKR,MF,Dynamo Kyiv,23-305,2002,2,1,82,0.9,0,0,0,0,0,0,0,0,0.00,0.00,0.00,0.00,0.00
311,Zurab Rukhadze,ge GEO,DF,FK Kolos,22-140,2003,3,1,104,1.2,0,0,0,0,0,0,0,0,0.00,0.00,0.00,0.00,0.00
312,Vasyl Runich,ua UKR,MF,Rukh Lviv,25-320,2000,13,4,582,6.5,0,2,2,0,0,0,2,0,0.00,0.31,0.31,0.00,0.31
313,Anton Salabai,ua UKR,MF,FK Kolos,23-188,2002,11,5,488,5.4,0,0,0,0,0,0,2,0,0.00,0.00,0.00,0.00,0.00
314,Roman Salenko,ua UKR,MF,Zorya Luhansk,20-213,2005,13,6,592,6.6,1,1,2,1,0,0,1,0,0.15,0.15,0.30,0.15,0.30
315,Volodymyr Salyuk,ua UKR,DF,Metalist 1925,23-175,2002,6,5,451,5.0,0,0,0,0,0,0,1,0,0.00,0.00,0.00,0.00,0.00
316,Marko Sapuha,ua UKR,MF,Rukh Lviv,22-202,2003,9,2,290,3.2,0,0,0,0,0,0,1,0,0.00,0.00,0.00,0.00,0.00
317,Oleksandr Saputin,ua UKR,GK,Zorya Luhansk,22-034,2003,14,14,1260,14.0,0,0,0,0,0,0,0,0,0.00,0.00,0.00,0.00,0.00
318,Eduard Sarapii,ua UKR,DF,FC Polissya Zhytomyr,26-219,1999,16,15,1369,15.2,2,0,2,1,1,1,3,0,0.13,0.00,0.13,0.07,0.07
319,Hlib Savchuk,ua UKR,DF,Epitsentr,22-303,2003,4,0,36,0.4,0,0,0,0,0,0,1,0,0.00,0.00,0.00,0.00,0.00
320,Andrii Savenkov,ua UKR,DF,SK Poltava,29-005,1996,9,4,494,5.5,0,0,0,0,0,0,2,0,0.00,0.00,0.00,0.00,0.00
321,Dmytro Semenov,ua UKR,DF-MF,Obolon-Brovar Kyiv,26-043,1999,15,11,1035,11.5,0,0,0,0,0,0,4,0,0.00,0.00,0.00,0.00,0.00
322,Myroslav Serdiuk,ua UKR,DF,Kudrivka,26-143,1999,14,14,1260,14.0,0,0,0,0,0,0,2,0,0.00,0.00,0.00,0.00,0.00
323,Artem Shabanov,ua UKR,DF,Metalist 1925,33-285,1992,15,15,1350,15.0,0,0,0,0,0,0,2,0,0.00,0.00,0.00,0.00,0.00
324,Artur Shakh,ua UKR,MF,Karpaty Lviv,20-220,2005,10,5,404,4.5,0,0,0,0,0,0,0,0,0.00,0.00,0.00,0.00,0.00
325,Mykola Shaparenko,ua UKR,MF,Dynamo Kyiv,27-074,1998,11,4,461,5.1,2,2,4,2,0,0,0,0,0.39,0.39,0.78,0.39,0.78
326,Vladyslav Shapoval,ua UKR,DF,Kudrivka,30-223,1995,7,7,613,6.8,2,0,2,0,2,2,1,0,0.29,0.00,0.29,0.00,0.00
327,Sviatoslav Shapovalov,ua UKR,DF,SK Poltava,28-176,1997,4,0,40,0.4,0,0,0,0,0,0,2,1,0.00,0.00,0.00,0.00,0.00
328,Vladyslav Sharai,ua UKR,MF,Veres Rivne,28-206,1997,15,12,1018,11.3,3,1,4,3,0,0,2,0,0.27,0.09,0.35,0.27,0.35
329,Volodymyr Shepelyev,ua UKR,MF,FC Polissya Zhytomyr,28-199,1997,11,8,541,6.0,0,1,1,0,0,0,0,0,0.00,0.17,0.17,0.00,0.17
330,Mykyta Shevchenko,ua UKR,GK,FC Oleksandriya,32-325,1993,4,4,315,3.5,0,0,0,0,0,0,0,0,0.00,0.00,0.00,0.00,0.00
331,Yaroslav Shevchenko,,MF,Kryvbas,,,13,2,299,3.3,0,0,0,0,0,0,3,0,0.00,0.00,0.00,0.00,0.00
332,Yevhenii Shevchenko,ua UKR,DF,Obolon-Brovar Kyiv,30-015,1995,15,15,1328,14.8,0,0,0,0,0,0,6,0,0.00,0.00,0.00,0.00,0.00
333,Ogundana Shola,ng NGA,MF-FW,Dynamo Kyiv,20-298,2005,9,7,586,6.5,1,0,1,1,0,0,1,0,0.15,0.00,0.15,0.15,0.15
334,Denys Shostak,ua UKR,MF,FC Oleksandriya,22-327,2003,14,7,629,7.0,1,1,2,1,0,0,7,0,0.14,0.14,0.29,0.14,0.29
335,Artem Shulianskyi,ua UKR,MF,FC Oleksandriya,24-250,2001,1,0,3,0.0,0,0,0,0,0,0,0,0,0.00,0.00,0.00,0.00,0.00
336,Maryan Shved,ua UKR,FW-MF,Shakhtar,28-154,1997,2,0,71,0.8,0,0,0,0,0,0,0,0,0.00,0.00,0.00,0.00,0.00
337,Jhonnatan Silva,br BRA,MF,FC Oleksandriya,20-298,2005,9,1,263,2.9,1,0,1,1,0,0,3,1,0.34,0.00,0.34,0.34,0.34
338,Danil Skorko,ua UKR,DF,FC Oleksandriya,23-255,2002,14,14,1238,13.8,0,0,0,0,0,0,3,0,0.00,0.00,0.00,0.00,0.00
339,Artem Slesar,ua UKR,MF,Zorya Luhansk,21-005,2004,16,16,1347,15.0,2,2,4,2,0,0,3,0,0.13,0.13,0.27,0.13,0.27
340,Denys Sliusar,ua UKR,MF,Rukh Lviv,23-204,2002,14,6,558,6.2,0,0,0,0,0,0,3,0,0.00,0.00,0.00,0.00,0.00
341,Oleh Slobodian,ua UKR,MF-FW,Obolon-Brovar Kyiv,29-075,1996,13,11,872,9.7,1,1,2,0,1,1,2,0,0.10,0.10,0.21,0.00,0.10
342,Bohdan Slyubyk,ua UKR,DF,Rukh Lviv,21-309,2004,15,15,1270,14.1,0,0,0,0,0,0,4,0,0.00,0.00,0.00,0.00,0.00
343,Maksym Smiian,ua UKR,DF,Veres Rivne,23-250,2002,13,13,1116,12.4,1,1,2,1,0,0,1,0,0.08,0.08,0.16,0.08,0.16
344,Yevhenii Smyrnyi,ua UKR,MF,FC Oleksandriya,27-121,1998,3,0,49,0.5,0,0,0,0,0,0,0,0,0.00,0.00,0.00,0.00,0.00
345,Eynel Soares,cv CPV,MF,FC LNZ Cherkasy,27-053,1998,7,5,395,4.4,0,0,0,0,0,0,0,0,0.00,0.00,0.00,0.00,0.00
346,Konstantinos Stamoulis,gr GRE,DF,Veres Rivne,25-049,2000,14,14,1257,14.0,1,0,1,1,0,0,1,0,0.07,0.00,0.07,0.07,0.07
347,Vadym Stashkiv,ua UKR,GK,Obolon-Brovar Kyiv,18-175,2007,3,3,270,3.0,0,0,0,0,0,0,0,0,0.00,0.00,0.00,0.00,0.00
348,Sergiy Sten,ua UKR,MF-FW,Veres Rivne,23-294,2002,7,3,259,2.9,0,0,0,0,0,0,0,0,0.00,0.00,0.00,0.00,0.00
349,Andrii Storchous,ua UKR,MF,Kudrivka,31-170,1994,15,13,1055,11.7,6,1,7,5,1,1,1,0,0.51,0.09,0.60,0.43,0.51
350,Evgeniy Streltsov,ua UKR,FW,SK Poltava,34-222,1991,12,2,344,3.8,0,0,0,0,0,0,1,0,0.00,0.00,0.00,0.00,0.00
351,Heorhiy Sudakov,ua UKR,MF,Shakhtar,23-107,2002,3,3,270,3.0,0,1,1,0,0,0,0,0,0.00,0.33,0.33,0.00,0.33
352,Serhii Sukhanov,ua UKR,DF-FW,Obolon-Brovar Kyiv,30-255,1995,15,12,928,10.3,4,0,4,3,1,1,2,1,0.39,0.00,0.39,0.29,0.29
353,Vladyslav Supriaha,ua UKR,FW,Epitsentr,25-305,2000,10,8,573,6.4,1,0,1,1,0,0,1,0,0.16,0.00,0.16,0.16,0.16
354,Denys Svitiukha,ua UKR,MF,Kudrivka,23-312,2002,13,3,370,4.1,0,0,0,0,0,0,2,0,0.00,0.00,0.00,0.00,0.00
355,Oleksii Sych,ua UKR,DF,Karpaty Lviv,24-260,2001,7,6,547,6.1,0,0,0,0,0,0,0,0,0.00,0.00,0.00,0.00,0.00
356,Vadym Sydun,ua UKR,MF-FW,Epitsentr,20-310,2005,15,10,967,10.7,2,0,2,2,0,0,0,0,0.19,0.00,0.19,0.19,0.19
357,Volodymyr Tanchyk,ua UKR,DF,Epitsentr,34-061,1991,10,9,684,7.6,0,2,2,0,0,0,1,0,0.00,0.26,0.26,0.00,0.26
358,Patricio Tanda,ar ARG,MF,Karpaty Lviv,23-256,2002,12,8,708,7.9,0,1,1,0,0,0,2,0,0.00,0.13,0.13,0.00,0.13
359,Vyacheslav Tankovskyi,ua UKR,MF,FC LNZ Cherkasy,30-123,1995,12,9,591,6.6,0,1,1,0,0,0,1,0,0.00,0.15,0.15,0.00,0.15
360,Rostyslav Taranukha,ua UKR,FW,Veres Rivne,28-325,1997,7,5,454,5.0,0,0,0,0,0,0,1,0,0.00,0.00,0.00,0.00,0.00
361,Elias Telles,br BRA,MF,FK Kolos,27-119,1998,16,15,1378,15.3,2,1,3,1,1,1,5,1,0.13,0.07,0.20,0.07,0.13
362,Denys Teslyuk,ua UKR,FW,Obolon-Brovar Kyiv,22-250,2003,7,1,185,2.1,1,0,1,1,0,0,0,0,0.49,0.00,0.49,0.49,0.49
363,Aliou Thiaré,sn SEN,DF,Dynamo Kyiv,21-362,2003,8,8,675,7.5,1,0,1,1,0,0,2,0,0.13,0.00,0.13,0.13,0.13
364,Vinicius Tobias,br BRA,DF,Shakhtar,21-297,2004,11,6,670,7.4,2,0,2,2,0,0,0,0,0.27,0.00,0.27,0.27,0.27
365,Borel Tomandzoto,cg CGO,MF,FC Polissya Zhytomyr,23-125,2002,4,1,154,1.7,0,0,0,0,0,0,1,0,0.00,0.00,0.00,0.00,0.00
366,Ángel Torres,co COL,MF,Dynamo Kyiv,25-255,2000,1,0,45,0.5,0,0,0,0,0,0,0,0,0.00,0.00,0.00,0.00,0.00
367,Andriy Totovytskyi,ua UKR,MF,Kudrivka,32-331,1993,6,1,165,1.8,1,0,1,0,1,1,1,0,0.55,0.00,0.55,0.00,0.00
368,Hussayn Touati,fr FRA,MF,FC Oleksandriya,24-075,2001,13,2,348,3.9,3,0,3,3,0,0,2,0,0.78,0.00,0.78,0.78,0.78
369,Maksym Tretyakov,ua UKR,MF,FK Kolos,29-286,1996,10,2,280,3.1,0,0,0,0,0,0,0,0,0.00,0.00,0.00,0.00,0.00
370,Viktor Tsukanov,ua UKR,MF,Shakhtar,19-316,2006,1,0,1,0.0,0,0,0,0,0,0,0,0,0.00,0.00,0.00,0.00,0.00
371,Andriy Tsurikov,ua UKR,DF,FK Kolos,33-073,1992,16,15,1336,14.8,2,1,3,2,0,0,2,0,0.13,0.07,0.20,0.13,0.20
372,Mykyta Turbaievskyi,ua UKR,GK,Zorya Luhansk,23-280,2002,2,2,180,2.0,0,1,1,0,0,0,0,0,0.00,0.50,0.50,0.00,0.50
373,Tutti,br BRA,FW,Rukh Lviv,18-300,2007,1,0,16,0.2,0,0,0,0,0,0,0,0,0.00,0.00,0.00,0.00,0.00
374,Yehor Tverdokhlib,ua UKR,MF,Kryvbas,25-000,2000,15,15,1333,14.8,7,4,11,5,2,2,4,0,0.47,0.27,0.74,0.34,0.61
375,Oleksandr Tymchyk,ua UKR,DF,Dynamo Kyiv,28-331,1997,6,3,259,2.9,0,0,0,0,0,0,0,0,0.00,0.00,0.00,0.00,0.00
376,Illia Ukhan,ua UKR,DF,FC Oleksandriya,22-199,2003,4,4,360,4.0,0,0,0,0,0,0,2,0,0.00,0.00,0.00,0.00,0.00
377,Denys Ustymenko,ua UKR,FW,Obolon-Brovar Kyiv,26-249,1999,15,12,873,9.7,4,0,4,4,0,0,1,0,0.41,0.00,0.41,0.41,0.41
378,Vladyslav Vakula,ua UKR,MF,Zorya Luhansk,26-232,1999,3,3,196,2.2,0,0,0,0,0,0,0,0,0.00,0.00,0.00,0.00,0.00
379,Vladyslav Vanat,ua UKR,FW,Dynamo Kyiv,23-347,2002,2,1,109,1.2,1,1,2,1,0,0,0,0,0.83,0.83,1.65,0.83,1.65
380,Roman Vantukh,ua UKR,DF-MF,Zorya Luhansk,27-166,1998,12,11,982,10.9,2,1,3,2,0,0,2,0,0.18,0.09,0.27,0.18,0.27
381,Danylo Varakuta,ua UKR,GK,Metalist 1925,24-043,2001,15,15,1350,15.0,0,0,0,0,0,0,0,0,0.00,0.00,0.00,0.00,0.00
382,Daniil Vashchenko,ua UKR,MF,FC Oleksandriya,20-076,2005,6,4,334,3.7,0,0,0,0,0,0,2,0,0.00,0.00,0.00,0.00,0.00
383,Vladyslav Veleten,ua UKR,MF,FC Polissya Zhytomyr,23-077,2002,11,10,750,8.3,3,4,7,3,0,0,2,0,0.36,0.48,0.84,0.36,0.84
384,Vladyslav Veleten,ua UKR,MF,FK Kolos,23-077,2002,3,2,176,2.0,0,0,0,0,0,0,1,0,0.00,0.00,0.00,0.00,0.00
385,Oleh Veremiienko,ua UKR,DF,SK Poltava,26-307,1999,12,11,967,10.7,2,1,3,2,0,0,4,0,0.19,0.09,0.28,0.19,0.28
386,João Vialle,br BRA,DF,FC Polissya Zhytomyr,23-120,2002,2,0,32,0.4,0,0,0,0,0,0,0,0,0.00,0.00,0.00,0.00,0.00
387,Paulo Vitor,br BRA,MF-FW,Karpaty Lviv,26-176,1999,15,12,946,10.5,1,0,1,1,0,0,1,0,0.10,0.00,0.10,0.10,0.10
388,Kostiantyn Vivcharenko,ua UKR,DF,Dynamo Kyiv,23-190,2002,10,10,871,9.7,0,3,3,0,0,0,1,0,0.00,0.31,0.31,0.00,0.31
389,Oleksandr Vivdych,ua UKR,FW,SK Poltava,22-298,2003,14,13,1050,11.7,0,1,1,0,0,0,1,0,0.00,0.09,0.09,0.00,0.09
390,Vilivald Volodymyr,ua UKR,DF,Kryvbas,21-085,2004,15,14,1285,14.3,1,0,1,1,0,0,4,0,0.07,0.00,0.07,0.07,0.07
391,Nazar Voloshyn,ua UKR,MF,Dynamo Kyiv,22-183,2003,14,12,1085,12.1,3,4,7,3,0,0,2,0,0.25,0.33,0.58,0.25,0.58
392,Yevhenii Volynets,ua UKR,GK,FC Polissya Zhytomyr,32-113,1993,13,13,1170,13.0,0,0,0,0,0,0,1,0,0.00,0.00,0.00,0.00,0.00
393,Valeriy Voskonyan,am ARM,GK,SK Poltava,31-255,1994,12,12,1080,12.0,0,0,0,0,0,0,0,0,0.00,0.00,0.00,0.00,0.00
394,Semen Vovchenko,ua UKR,DF,Veres Rivne,26-187,1999,9,8,720,8.0,0,0,0,0,0,0,2,0,0.00,0.00,0.00,0.00,0.00
395,Alagie Wally,gm GAM,FW,Veres Rivne,19-258,2006,5,1,144,1.6,0,0,0,0,0,0,0,0,0.00,0.00,0.00,0.00,0.00
396,Denis Yanakov,ua UKR,MF,Epitsentr,26-350,1999,7,1,156,1.7,0,0,0,0,0,0,1,0,0.00,0.00,0.00,0.00,0.00
397,Andriy Yarmolenko,ua UKR,FW-MF,Dynamo Kyiv,36-055,1989,10,5,425,4.7,2,0,2,2,0,0,1,0,0.42,0.00,0.42,0.42,0.42
398,Anton Yashkov,ua UKR,GK,Kudrivka,33-321,1992,11,11,990,11.0,0,1,1,0,0,0,2,0,0.00,0.09,0.09,0.00,0.09
399,Volodymyr Yasinskyi,ua UKR,FW,Rukh Lviv,17-109,2008,1,0,8,0.1,0,0,0,0,0,0,0,0,0.00,0.00,0.00,0.00,0.00
400,Oleksandr Yatsyk,ua UKR,MF,Dynamo Kyiv,22-348,2003,9,6,506,5.6,2,0,2,2,0,0,0,0,0.36,0.00,0.36,0.36,0.36
401,Daniil Yermolov,ua UKR,GK,SK Poltava,25-014,2000,4,4,360,4.0,0,0,0,0,0,0,0,0,0.00,0.00,0.00,0.00,0.00
402,Tomer Yosefi,il ISR,MF,FC Polissya Zhytomyr,26-318,1999,10,2,279,3.1,2,1,3,2,0,0,0,0,0.65,0.32,0.97,0.65,0.97
403,Baton Zabergja,xk KVX,MF-FW,Metalist 1925,24-243,2001,8,5,501,5.6,0,1,1,0,0,0,0,0,0.00,0.18,0.18,0.00,0.18
404,Maksym Zaderaka,ua UKR,MF,Kryvbas,31-101,1994,16,16,1427,15.9,5,0,5,5,0,0,2,0,0.32,0.00,0.32,0.32,0.32
405,Vladyslav Zakharchenko,ua UKR,DF,Dynamo Kyiv,19-184,2006,4,1,194,2.2,0,0,0,0,0,0,1,0,0.00,0.00,0.00,0.00,0.00
406,Yevhen Zaporozhets,ua UKR,MF,Epitsentr,31-088,1994,14,14,1061,11.8,0,1,1,0,0,0,1,0,0.00,0.08,0.08,0.00,0.08
407,Andrii Klishchuk,ua UKR,GK,Karpaty Lviv,33-167,1992,3,3,270,3.0,0,0,0,0,0,0,0,0,0.00,0.00,0.00,0.00,0.00